Name,Date,Description,Price,Price for VIP,Location,Subtitles:
What men want,05/05/2019,A women gets the power of hearing men's thoughts,18.5,30.0,unibuc.Domain.Location@5d5eef3d,Comedy
Name,Date,Description,Price,Price for VIP,Location,Subtitles:
What men want,05/05/2019,A women gets the power of hearing men's thoughts,18.5,30.0,unibuc.Domain.Location@5d5eef3d,Comedy
Hellboy,05/05/2019,Between the worlds of the supernatural and human battles ancient sourceress bent on revenge,23.0,36.5,unibuc.Domain.Location@5d5eef3d,Action
Name,Date,Description,Price,Price for VIP,Location,Subtitles:
What men want,05/05/2019,A women gets the power of hearing men's thoughts,18.5,30.0,unibuc.Domain.Location@5d5eef3d,Comedy
Hellboy,05/05/2019,Between the worlds of the supernatural and human battles ancient sourceress bent on revenge,23.0,36.5,unibuc.Domain.Location@5d5eef3d,Action
Shazam!,06/05/2019,For Billy Betson all he needs to do is shout out one word to transform into adult superhero Shazam,24.0,36.0,unibuc.Domain.Location@5d5eef3d,Action
Name,Date,Description,Price,Price for VIP,Location,Subtitles:
What men want,05/05/2019,A women gets the power of hearing men's thoughts,18.5,30.0,unibuc.Domain.Location@5d5eef3d,Comedy
Name,Date,Description,Price,Price for VIP,Location,Subtitles:
What men want,05/05/2019,A women gets the power of hearing men's thoughts,18.5,30.0,unibuc.Domain.Location@5d5eef3d,Comedy
Hellboy,05/05/2019,Between the worlds of the supernatural and human battles ancient sourceress bent on revenge,23.0,36.5,unibuc.Domain.Location@5d5eef3d,Action
Name,Date,Description,Price,Price for VIP,Location,Subtitles:
What men want,05/05/2019,A women gets the power of hearing men's thoughts,18.5,30.0,unibuc.Domain.Location@5d5eef3d,Comedy
Hellboy,05/05/2019,Between the worlds of the supernatural and human battles ancient sourceress bent on revenge,23.0,36.5,unibuc.Domain.Location@5d5eef3d,Action
Shazam!,06/05/2019,For Billy Betson all he needs to do is shout out one word to transform into adult superhero Shazam,24.0,36.0,unibuc.Domain.Location@5d5eef3d,Action
Name,Date,Description,Price,Price for VIP,Location,Subtitles:
What men want,05/05/2019,A women gets the power of hearing men's thoughts,18.5,30.0,unibuc.Domain.Location@5d5eef3d,Comedy
Name,Date,Description,Price,Price for VIP,Location,Subtitles:
What men want,05/05/2019,A women gets the power of hearing men's thoughts,18.5,30.0,unibuc.Domain.Location@5d5eef3d,Comedy
Hellboy,05/05/2019,Between the worlds of the supernatural and human battles ancient sourceress bent on revenge,23.0,36.5,unibuc.Domain.Location@5d5eef3d,Action
Name,Date,Description,Price,Price for VIP,Location,Subtitles:
What men want,05/05/2019,A women gets the power of hearing men's thoughts,18.5,30.0,unibuc.Domain.Location@5d5eef3d,Comedy
Hellboy,05/05/2019,Between the worlds of the supernatural and human battles ancient sourceress bent on revenge,23.0,36.5,unibuc.Domain.Location@5d5eef3d,Action
Shazam!,06/05/2019,For Billy Betson all he needs to do is shout out one word to transform into adult superhero Shazam,24.0,36.0,unibuc.Domain.Location@5d5eef3d,Action
Name,Date,Description,Price,Price for VIP,Location,Subtitles:
What men want,05/05/2019,A women gets the power of hearing men's thoughts,18.5,30.0,unibuc.Domain.Location@5d5eef3d,Comedy
Name,Date,Description,Price,Price for VIP,Location,Subtitles:
What men want,05/05/2019,A women gets the power of hearing men's thoughts,18.5,30.0,unibuc.Domain.Location@5d5eef3d,Comedy
Hellboy,05/05/2019,Between the worlds of the supernatural and human battles ancient sourceress bent on revenge,23.0,36.5,unibuc.Domain.Location@5d5eef3d,Action
Name,Date,Description,Price,Price for VIP,Location,Subtitles:
What men want,05/05/2019,A women gets the power of hearing men's thoughts,18.5,30.0,unibuc.Domain.Location@5d5eef3d,Comedy
Hellboy,05/05/2019,Between the worlds of the supernatural and human battles ancient sourceress bent on revenge,23.0,36.5,unibuc.Domain.Location@5d5eef3d,Action
Shazam!,06/05/2019,For Billy Betson all he needs to do is shout out one word to transform into adult superhero Shazam,24.0,36.0,unibuc.Domain.Location@5d5eef3d,Action
Name,Date,Description,Price,Price for VIP,Location,Subtitles:
What men want,05/05/2019,A women gets the power of hearing men's thoughts,18.5,30.0,unibuc.Domain.Location@23ceabc1,Comedy
Name,Date,Description,Price,Price for VIP,Location,Subtitles:
What men want,05/05/2019,A women gets the power of hearing men's thoughts,18.5,30.0,unibuc.Domain.Location@23ceabc1,Comedy
Hellboy,05/05/2019,Between the worlds of the supernatural and human battles ancient sourceress bent on revenge,23.0,36.5,unibuc.Domain.Location@23ceabc1,Action
Name,Date,Description,Price,Price for VIP,Location,Subtitles:
What men want,05/05/2019,A women gets the power of hearing men's thoughts,18.5,30.0,unibuc.Domain.Location@23ceabc1,Comedy
Hellboy,05/05/2019,Between the worlds of the supernatural and human battles ancient sourceress bent on revenge,23.0,36.5,unibuc.Domain.Location@23ceabc1,Action
Shazam!,06/05/2019,For Billy Betson all he needs to do is shout out one word to transform into adult superhero Shazam,24.0,36.0,unibuc.Domain.Location@23ceabc1,Action
Name,Date,Description,Price,Price for VIP,Location,Subtitles:
What men want,05/05/2019,A women gets the power of hearing men's thoughts,18.5,30.0,unibuc.Domain.Location@23ceabc1,Comedy
Name,Date,Description,Price,Price for VIP,Location,Subtitles:
What men want,05/05/2019,A women gets the power of hearing men's thoughts,18.5,30.0,unibuc.Domain.Location@23ceabc1,Comedy
Hellboy,05/05/2019,Between the worlds of the supernatural and human battles ancient sourceress bent on revenge,23.0,36.5,unibuc.Domain.Location@23ceabc1,Action
Name,Date,Description,Price,Price for VIP,Location,Subtitles:
What men want,05/05/2019,A women gets the power of hearing men's thoughts,18.5,30.0,unibuc.Domain.Location@23ceabc1,Comedy
Hellboy,05/05/2019,Between the worlds of the supernatural and human battles ancient sourceress bent on revenge,23.0,36.5,unibuc.Domain.Location@23ceabc1,Action
Shazam!,06/05/2019,For Billy Betson all he needs to do is shout out one word to transform into adult superhero Shazam,24.0,36.0,unibuc.Domain.Location@23ceabc1,Action
Name,Date,Description,Price,Price for VIP,Location,Subtitles:
What men want,05/05/2019,A women gets the power of hearing men's thoughts,18.5,30.0,unibuc.Domain.Location@5d5eef3d,Comedy
Name,Date,Description,Price,Price for VIP,Location,Subtitles:
What men want,05/05/2019,A women gets the power of hearing men's thoughts,18.5,30.0,unibuc.Domain.Location@5d5eef3d,Comedy
Hellboy,05/05/2019,Between the worlds of the supernatural and human battles ancient sourceress bent on revenge,23.0,36.5,unibuc.Domain.Location@5d5eef3d,Action
Name,Date,Description,Price,Price for VIP,Location,Subtitles:
What men want,05/05/2019,A women gets the power of hearing men's thoughts,18.5,30.0,unibuc.Domain.Location@5d5eef3d,Comedy
Hellboy,05/05/2019,Between the worlds of the supernatural and human battles ancient sourceress bent on revenge,23.0,36.5,unibuc.Domain.Location@5d5eef3d,Action
Shazam!,06/05/2019,For Billy Betson all he needs to do is shout out one word to transform into adult superhero Shazam,24.0,36.0,unibuc.Domain.Location@5d5eef3d,Action
